gender,municipality,year,median_income_aged_lt_20,mean_income_aged_lt_20,population_20xx_12_31,higher_education_min_3_years_percent_of_population_aged_25_64,employment_rate_aged_20_64,immigration_surplus_employed_aged_20_64,cumulative_immigration_surplus_employed_aged_20_64,immigration_surplus_min_3_years_of_higher_education_aged_25_64,cumulative_immigration_surplus_min_3_years_of_higher_education_aged_25_64,immigration_surplus,cumulative_immigration_surplus
male,0127_botkyrka,2000,192799,205796,36468,0.11767585300000001,0.7347072440000001,25,25,36,36,-98,-98
male,0127_botkyrka,2001,200839,216244,37065,0.122240923,0.737054357,138,163,22,58,40,-58
male,0127_botkyrka,2002,206408,221576,37611,0.12743195300000001,0.731578947,-12,151,36,94,-73,-131
male,0127_botkyrka,2003,210873,225042,37692,0.132514052,0.7237729409999999,-146,5,9,103,-449,-580
male,0127_botkyrka,2004,213843,229362,37913,0.13549917,0.718800718,-123,-118,-16,87,-259,-839
male,0127_botkyrka,2005,215511,232764,38305,0.138783988,0.7084483709999999,-110,-228,-23,64,-290,-1129
male,0127_botkyrka,2006,220296,237176,38871,0.139865022,0.721614485,-181,-409,-30,34,-386,-1515
male,0127_botkyrka,2007,229783,247087,39695,0.144045977,0.7470571229999999,-79,-488,1,35,-245,-1760
male,0127_botkyrka,2008,237918,254415,40298,0.145235597,0.749714565,-160,-648,-33,2,-325,-2085
male,0127_botkyrka,2009,239302,253914,40951,0.145624492,0.718569132,-133,-781,-58,-56,-324,-2409
male,0127_botkyrka,2010,240000,257124,41755,0.148831215,0.7334096109999999,-4,-785,29,-27,-156,-2565
male,0127_botkyrka,2011,245124,263477,42941,0.151004677,0.746219517,122,-663,9,-18,66,-2499
male,0127_botkyrka,2012,251454,268290,43740,0.151626712,0.7464687940000001,-192,-855,-28,-46,-260,-2759
male,0127_botkyrka,2013,255275,273637,44495,0.15347894,0.750809664,-158,-1013,-17,-63,-288,-3047
male,0127_botkyrka,2014,260950,278351,45155,0.154589372,0.7510748540000001,-192,-1205,25,-38,-300,-3347
male,0162_danderyd,2000,307692,475138,14213,0.503185596,0.811796711,-7,-7,9,9,-86,-86
male,0162_danderyd,2001,321681,497379,14307,0.506890849,0.801108374,-29,-36,13,22,-66,-152
male,0162_danderyd,2002,328776,502881,14434,0.516495551,0.790140152,23,-13,36,58,35,-117
male,0162_danderyd,2003,331371,492397,14408,0.520595603,0.768318562,-110,-123,-44,14,-103,-220
male,0162_danderyd,2004,340752,511298,14526,0.5226095479999999,0.784244857,7,-116,25,39,-2,-222
male,0162_danderyd,2005,348790,533170,14628,0.528449602,0.781872885,-5,-121,26,65,34,-188
male,0162_danderyd,2006,363696,558694,14754,0.53276314,0.805388471,140,19,124,189,171,-17
male,0162_danderyd,2007,380259,597147,14878,0.536229872,0.8163214059999999,-2,17,36,225,3,-14
male,0162_danderyd,2008,396366,616925,14887,0.545915493,0.80897598,-60,-43,30,255,-91,-105
male,0162_danderyd,2009,401735,601031,15011,0.545364332,0.791624365,22,-21,19,274,-4,-109
male,0162_danderyd,2010,404623,626250,15150,0.544596913,0.7994152790000001,12,-9,24,298,45,-64
male,0162_danderyd,2011,413428,636369,15352,0.552605424,0.802038762,31,22,103,401,89,25
male,0162_danderyd,2012,420838,629613,15444,0.556575788,0.801019774,28,50,51,452,58,83
male,0162_danderyd,2013,427858,637575,15600,0.55967946,0.800445379,25,75,32,484,20,103
male,0162_danderyd,2014,433200,657042,15728,0.560614525,0.79700172,-38,37,29,513,21,124
male,0125_ekero,2000,248520,299349,11078,0.19338464100000002,0.8606919679999999,79,79,38,38,85,85
male,0125_ekero,2001,260941,315761,11217,0.19446254100000002,0.861090026,23,102,13,51,45,130
male,0125_ekero,2002,269396,318070,11403,0.20157657699999998,0.8603847309999999,78,180,52,103,78,208
male,0125_ekero,2003,275919,320744,11604,0.203623537,0.8474880379999999,59,239,35,138,76,284
male,0125_ekero,2004,281209,329064,11733,0.205549354,0.8541418359999999,41,280,21,159,24,308
male,0125_ekero,2005,287762,340914,11976,0.206289308,0.8442358459999999,73,353,31,190,117,425
male,0125_ekero,2006,297369,349917,12141,0.21139101899999999,0.856601574,43,396,54,244,47,472
male,0125_ekero,2007,311428,366963,12314,0.21687126199999998,0.860224457,6,402,47,291,44,516
male,0125_ekero,2008,322113,380588,12359,0.220581229,0.865965834,0,402,31,322,-90,426
male,0125_ekero,2009,328253,384707,12503,0.227164416,0.853960396,32,434,53,375,4,430
male,0125_ekero,2010,334449,386951,12680,0.230513308,0.855680507,26,460,40,415,47,477
male,0125_ekero,2011,341176,399900,12860,0.23449795399999998,0.8607594940000001,60,520,42,457,50,527
male,0125_ekero,2012,348823,410020,13086,0.234935998,0.8657010270000001,24,544,41,498,76,603
male,0125_ekero,2013,355353,415521,13230,0.237750385,0.861872305,5,549,45,543,23,626
male,0125_ekero,2014,357474,425915,13431,0.244891781,0.859351484,41,590,77,620,63,689
male,0136_haninge,2000,216410,230467,34752,0.107085265,0.800749334,243,243,49,49,225,225
male,0136_haninge,2001,226015,241533,35155,0.111310146,0.802646823,190,433,67,116,125,350
male,0136_haninge,2002,233389,247929,35367,0.115603786,0.799902283,79,512,-4,112,-91,259
male,0136_haninge,2003,237708,251099,35656,0.119207588,0.7860634609999999,-43,469,19,131,-73,186
male,0136_haninge,2004,241688,256216,35631,0.121156242,0.783134698,-181,288,-42,89,-366,-180
male,0136_haninge,2005,244767,262077,35825,0.12238806,0.773324928,-69,219,-52,37,-129,-309
male,0136_haninge,2006,250590,267778,36496,0.124216552,0.7866548040000001,52,271,-4,33,98,-211
male,0136_haninge,2007,260839,276055,36897,0.12578055300000002,0.802899322,-91,180,-54,-21,-163,-374
male,0136_haninge,2008,271326,287127,37621,0.125382112,0.8057800420000001,5,185,-21,-42,41,-333
male,0136_haninge,2009,273881,285474,38254,0.124479702,0.7773344320000001,22,207,-27,-69,-19,-352
male,0136_haninge,2010,276224,288758,38654,0.12421145300000001,0.78925139,-70,137,-42,-111,-143,-495
male,0136_haninge,2011,283289,295659,39382,0.126782961,0.797345843,103,240,22,-89,81,-414
male,0136_haninge,2012,291712,302832,39970,0.12837227,0.8009425309999999,101,341,26,-63,-34,-448
male,0136_haninge,2013,297236,307972,40816,0.12975811,0.804088307,184,525,21,-42,230,-218
male,0136_haninge,2014,301245,311542,41619,0.13055835699999999,0.80488585,144,669,4,-38,131,-87
male,0126_huddinge,2000,221161,248019,41869,0.158930608,0.795916017,261,261,152,152,315,315
male,0126_huddinge,2001,231451,259251,42514,0.16612268800000002,0.790980646,71,332,77,229,39,354
male,0126_huddinge,2002,237686,264054,42897,0.167796681,0.7857682709999999,-104,228,-55,174,-217,137
male,0126_huddinge,2003,240621,266556,43298,0.169253052,0.7740087440000001,-96,132,-28,146,-231,-94
male,0126_huddinge,2004,244544,271132,43547,0.17282059800000002,0.775045126,-35,97,-8,138,-145,-239
male,0126_huddinge,2005,249552,278590,44077,0.17664449399999999,0.764916334,-45,52,-15,123,-34,-273
male,0126_huddinge,2006,254991,284027,44827,0.179554656,0.7717852959999999,-102,-50,23,146,-146,-419
male,0126_huddinge,2007,264299,294282,45826,0.184615385,0.7860473459999999,64,14,77,223,26,-393
male,0126_huddinge,2008,273881,303563,47034,0.191476051,0.787254868,192,206,116,339,213,-180
male,0126_huddinge,2009,274680,301861,47873,0.19610189100000003,0.7620535709999999,-39,167,31,370,-177,-357
male,0126_huddinge,2010,279846,305702,48848,0.203146375,0.77313705,-22,145,77,447,-95,-452
male,0126_huddinge,2011,286632,313652,49788,0.21282406199999998,0.782149012,-31,114,100,547,-39,-491
male,0126_huddinge,2012,294315,322225,50849,0.217985348,0.785159171,98,212,88,635,54,-437
male,0126_huddinge,2013,299558,327705,51633,0.221669012,0.786071085,-6,206,45,680,-100,-537
male,0126_huddinge,2014,304696,332546,52424,0.226418452,0.788613517,-49,157,98,778,-92,-629
male,0123_jarfalla,2000,238170,271819,29923,0.17944061,0.816336526,43,43,36,36,-81,-81
male,0123_jarfalla,2001,248185,281123,30271,0.187086389,0.812032086,185,228,111,147,134,53
male,0123_jarfalla,2002,255531,284377,30326,0.19246363,0.811242826,-34,194,24,171,-158,-105
male,0123_jarfalla,2003,260205,287055,30378,0.19629740199999998,0.7989879409999999,-11,183,27,198,-160,-265
male,0123_jarfalla,2004,262549,292107,30485,0.198824447,0.7929407940000001,-90,93,1,199,-62,-327
male,0123_jarfalla,2005,266330,297699,30588,0.20147685699999998,0.790687554,-30,63,9,208,-20,-347
male,0123_jarfalla,2006,272864,304682,30953,0.204098754,0.791484303,17,80,1,209,12,-335
male,0123_jarfalla,2007,281122,314918,31565,0.20638981399999998,0.8147572609999999,70,150,23,232,136,-199
male,0123_jarfalla,2008,292224,322202,31994,0.20773376,0.810651516,59,209,28,260,100,-99
male,0123_jarfalla,2009,295777,325048,32409,0.208330868,0.788474792,-25,184,-1,259,-80,-179
male,0123_jarfalla,2010,297404,325783,32976,0.211624354,0.800743222,42,226,55,314,97,-82
male,0123_jarfalla,2011,302808,331324,33564,0.215981471,0.80242661,58,284,44,358,136,54
male,0123_jarfalla,2012,309768,338867,34030,0.219103381,0.8037264559999999,-1,283,36,394,37,91
male,0123_jarfalla,2013,313303,341497,34514,0.218920145,0.808495682,20,303,21,415,9,100
male,0123_jarfalla,2014,317660,346950,35371,0.219475697,0.8040990020000001,204,507,76,491,304,404
male,0186_lidingo,2000,262248,379961,19325,0.38230105799999997,0.811235357,-17,-17,14,14,-61,-61
male,0186_lidingo,2001,274097,398826,19455,0.388087346,0.806981882,29,12,51,65,59,-2
male,0186_lidingo,2002,280816,401729,19636,0.391211975,0.799525191,24,36,16,81,69,67
male,0186_lidingo,2003,286117,399868,19667,0.39486931299999994,0.788975403,-28,8,22,103,-66,1
male,0186_lidingo,2004,292939,411820,19807,0.398046988,0.79329806,1,9,16,119,-18,-17
male,0186_lidingo,2005,300150,431606,20015,0.403142364,0.793369584,82,91,66,185,92,75
male,0186_lidingo,2006,308817,452080,20280,0.40711764100000003,0.8047951179999999,59,150,68,253,107,182
male,0186_lidingo,2007,323166,476135,20422,0.41358908299999997,0.81520886,-9,141,64,317,21,203
male,0186_lidingo,2008,335299,497277,20648,0.41273921700000005,0.8146057659999999,85,226,79,396,80,283
male,0186_lidingo,2009,339894,483413,20887,0.40891269,0.7971480740000001,44,270,11,407,15,298
male,0186_lidingo,2010,342094,496460,21173,0.411348196,0.807383073,51,321,57,464,111,409
male,0186_lidingo,2011,348732,509676,21276,0.414761216,0.816096928,-18,303,17,481,-48,361
male,0186_lidingo,2012,357838,513543,21482,0.41787462799999997,0.8185175640000001,40,343,58,539,62,423
male,0186_lidingo,2013,367380,520349,21868,0.423145961,0.8124101779999999,118,461,104,643,191,614
male,0186_lidingo,2014,372753,530861,22051,0.42621104,0.810888011,-3,458,58,701,7,621
male,0182_nacka,2000,239857,307445,36661,0.266202569,0.810152057,246,246,178,178,186,186
male,0182_nacka,2001,252345,327331,37070,0.272613187,0.811387585,125,371,114,292,14,200
male,0182_nacka,2002,260226,329915,37557,0.280336729,0.8095363309999999,195,566,146,438,90,290
male,0182_nacka,2003,264476,330990,37966,0.285693916,0.801789612,85,651,115,553,45,335
male,0182_nacka,2004,271726,339579,38625,0.29177408,0.805387671,283,934,191,744,286,621
male,0182_nacka,2005,279729,354879,39393,0.299093516,0.8016507829999999,275,1209,186,930,332,953
male,0182_nacka,2006,289307,366975,40521,0.305234534,0.8160580909999999,383,1592,225,1155,562,1515
male,0182_nacka,2007,302500,389622,41426,0.312527884,0.8287869520000001,242,1834,223,1378,290,1805
male,0182_nacka,2008,315434,402792,42126,0.316449504,0.830614145,143,1977,136,1514,127,1932
male,0182_nacka,2009,318184,401208,43394,0.322293105,0.8097783059999999,397,2374,230,1744,610,2542
male,0182_nacka,2010,322459,406663,44389,0.327114536,0.822620905,265,2639,187,1931,369,2911
male,0182_nacka,2011,332040,417666,45184,0.332620321,0.82667894,171,2810,152,2083,144,3055
male,0182_nacka,2012,341246,424448,45804,0.332766319,0.8289333940000001,81,2891,19,2102,81,3136
male,0182_nacka,2013,348534,430190,46647,0.33605596,0.8302337740000001,218,3109,151,2253,220,3356
male,0182_nacka,2014,355910,442856,47595,0.33911471,0.834627129,292,3401,201,2454,344,3700
male,0188_norrtalje,2000,198045,210949,26386,0.090694176,0.8094329690000001,152,152,26,26,287,287
male,0188_norrtalje,2001,204802,219754,26698,0.093211322,0.8133800529999999,147,299,33,59,242,529
male,0188_norrtalje,2002,214312,228492,26929,0.096125344,0.817023741,164,463,40,99,240,769
male,0188_norrtalje,2003,218741,234369,27142,0.09767050199999999,0.804051895,153,616,12,111,239,1008
male,0188_norrtalje,2004,222928,238726,27248,0.099293261,0.8050642579999999,73,689,16,127,140,1148
male,0188_norrtalje,2005,227170,243536,27370,0.10017500900000001,0.800470528,91,780,0,127,164,1312
male,0188_norrtalje,2006,234037,251991,27439,0.102075154,0.814122137,30,810,28,155,73,1385
male,0188_norrtalje,2007,243570,262187,27612,0.102224093,0.827078174,48,858,12,167,126,1511
male,0188_norrtalje,2008,252421,271446,27713,0.101129181,0.8222264779999999,12,870,-3,164,71,1582
male,0188_norrtalje,2009,256697,275540,27882,0.10292851,0.797511385,-12,858,34,198,94,1676
male,0188_norrtalje,2010,259247,277234,28031,0.102440081,0.8126880479999999,38,896,15,213,100,1776
male,0188_norrtalje,2011,266297,286449,28157,0.103397987,0.827140653,31,927,21,234,101,1877
male,0188_norrtalje,2012,273585,291779,28356,0.102187111,0.822668635,59,986,27,261,125,2002
male,0188_norrtalje,2013,278983,297705,28512,0.10237713300000001,0.827383237,54,1040,19,280,144,2146
male,0188_norrtalje,2014,281927,301120,28951,0.10169979800000001,0.824895583,134,1174,24,304,254,2400
male,0140_nykvarn,2000,236714,259210,4098,0.080863675,0.8477917979999999,42,42,9,9,53,53
male,0140_nykvarn,2001,249289,272955,4137,0.086294416,0.855682265,7,49,5,14,10,63
male,0140_nykvarn,2002,258546,280345,4169,0.08896349099999999,0.858438486,-2,47,7,21,-8,55
male,0140_nykvarn,2003,261808,285284,4211,0.09248310800000001,0.8486166009999999,-2,45,7,28,3,58
male,0140_nykvarn,2004,275511,297614,4230,0.10105708199999999,0.861055975,16,61,18,46,1,59
male,0140_nykvarn,2005,280688,307804,4245,0.105510466,0.856856455,-3,58,7,53,-14,45
male,0140_nykvarn,2006,291748,313778,4392,0.10845896099999999,0.874756145,75,133,15,68,99,144
male,0140_nykvarn,2007,306246,336403,4531,0.112676056,0.8780393670000001,65,198,13,81,104,248
male,0140_nykvarn,2008,320900,351012,4596,0.118546055,0.8835958509999999,36,234,17,98,24,272
male,0140_nykvarn,2009,314144,339313,4692,0.12860676,0.8579027359999999,18,252,16,114,38,310
male,0140_nykvarn,2010,324469,351522,4755,0.131677019,0.8720666159999999,36,288,6,120,30,340
male,0140_nykvarn,2011,334325,360439,4750,0.12776618,0.882262997,-5,283,-7,113,-22,318
male,0140_nykvarn,2012,339598,364241,4806,0.131402183,0.88351732,22,305,12,125,42,360
male,0140_nykvarn,2013,342592,366875,4863,0.133112857,0.877021437,15,320,5,130,16,376
male,0140_nykvarn,2014,349669,373164,5015,0.13097133800000002,0.880043228,84,404,8,138,116,492
male,0192_nynashamn,2000,216209,229702,12039,0.10498648199999999,0.8182445490000001,89,89,31,31,208,208
male,0192_nynashamn,2001,222773,237372,12219,0.106107891,0.817414966,108,197,0,31,137,345
male,0192_nynashamn,2002,231876,245999,12313,0.10805617099999999,0.816046701,37,234,-8,23,37,382
male,0192_nynashamn,2003,234876,250152,12338,0.107349666,0.803814714,6,240,-11,12,-3,379
male,0192_nynashamn,2004,239910,254578,12396,0.107196402,0.80787164,-8,232,-10,2,-11,368
male,0192_nynashamn,2005,245499,263646,12352,0.107609185,0.800193183,-6,226,-6,-4,-80,288
male,0192_nynashamn,2006,248772,266724,12534,0.104730735,0.7919059340000001,16,242,-13,-17,106,394
male,0192_nynashamn,2007,256674,275724,12760,0.10607169,0.8066595059999999,52,294,15,-2,106,500
male,0192_nynashamn,2008,266984,283651,12841,0.108480095,0.8089660740000001,-9,285,20,18,10,510
male,0192_nynashamn,2009,270763,285941,12994,0.109709026,0.78726251,28,313,-1,17,36,546
male,0192_nynashamn,2010,272613,289324,13137,0.111824425,0.7989670240000001,10,323,9,26,52,598
male,0192_nynashamn,2011,280017,296245,13276,0.11184407800000001,0.8051315790000001,17,340,5,31,30,628
male,0192_nynashamn,2012,288612,305076,13468,0.11122692099999999,0.8027104509999999,42,382,3,34,64,692
male,0192_nynashamn,2013,293262,307673,13569,0.111783816,0.8012720659999999,29,411,12,46,27,719
male,0192_nynashamn,2014,297568,313101,13679,0.111843068,0.807627883,61,472,13,59,71,790
male,0128_salem,2000,241389,277234,6764,0.161000816,0.846766169,59,59,33,33,99,99
male,0128_salem,2001,250273,289520,6809,0.16521502400000002,0.84872691,-11,48,6,39,-28,71
male,0128_salem,2002,257668,286999,6845,0.16807639800000002,0.842907093,-2,46,4,43,-28,43
male,0128_salem,2003,263299,289090,6905,0.172620671,0.8351344559999999,12,58,10,53,11,54
male,0128_salem,2004,267289,297786,6947,0.177961433,0.838422392,-16,42,10,63,-20,34
male,0128_salem,2005,275262,306206,7042,0.184785615,0.8317307690000001,10,52,24,87,27,61
male,0128_salem,2006,284222,313223,7239,0.19191096600000002,0.8422744129999999,51,103,35,122,80,141
male,0128_salem,2007,295346,326575,7419,0.194600374,0.853534127,64,167,27,149,86,227
male,0128_salem,2008,308058,340360,7461,0.19887127100000002,0.851996105,-27,140,6,155,-58,169
male,0128_salem,2009,309884,339375,7542,0.202159244,0.8315968020000001,-19,121,6,161,-11,158
male,0128_salem,2010,314189,342512,7603,0.202968961,0.840289505,-21,100,10,171,-31,127
male,0128_salem,2011,322350,351161,7729,0.202626642,0.8507568590000001,27,127,0,171,32,159
male,0128_salem,2012,328323,356091,7827,0.206832627,0.84792734,26,153,28,199,12,171
male,0128_salem,2013,333712,363361,7896,0.21152829199999998,0.845653185,-25,128,24,223,-28,143
male,0128_salem,2014,338302,367026,7988,0.21249670399999998,0.8454756379999999,-38,90,14,237,-1,142
male,0191_sigtuna,2000,221455,250932,17445,0.121018462,0.8109274559999999,-18,-18,-4,-4,-77,-77
male,0191_sigtuna,2001,230626,261898,17697,0.125565497,0.809458969,117,99,43,39,134,57
male,0191_sigtuna,2002,237412,266651,17833,0.128076846,0.8054474709999999,27,126,16,55,-29,28
male,0191_sigtuna,2003,240315,271541,17970,0.129193291,0.794684025,26,152,6,61,20,48
male,0191_sigtuna,2004,244408,275915,18110,0.131144259,0.7903372009999999,12,164,11,72,-2,46
male,0191_sigtuna,2005,249456,283314,18280,0.135178339,0.784690731,13,177,17,89,49,95
male,0191_sigtuna,2006,253079,286580,18414,0.137931034,0.788641265,21,198,14,103,-28,67
male,0191_sigtuna,2007,263781,297865,18835,0.142212632,0.808872817,88,286,40,143,127,194
male,0191_sigtuna,2008,273302,309379,19139,0.146897632,0.812663985,60,346,18,161,61,255
male,0191_sigtuna,2009,273473,301446,19586,0.148579682,0.7737288859999999,16,362,33,194,102,357
male,0191_sigtuna,2010,276464,305312,19976,0.151980907,0.7839115390000001,64,426,33,227,55,412
male,0191_sigtuna,2011,284029,308584,20672,0.155831038,0.799415537,239,665,56,283,296,708
male,0191_sigtuna,2012,289355,314289,21175,0.15816005,0.802263912,55,720,50,333,75,783
male,0191_sigtuna,2013,291887,317136,21787,0.15999652,0.799282059,137,857,38,371,151,934
male,0191_sigtuna,2014,296352,320843,22156,0.160955701,0.804821615,45,902,26,397,-39,895
male,0163_sollentuna,2000,251263,310378,28600,0.27092413600000004,0.823926204,-15,-15,82,82,-107,-107
male,0163_sollentuna,2001,263757,324179,28740,0.278120282,0.825569358,10,-5,69,151,-126,-233
male,0163_sollentuna,2002,270653,327082,28928,0.28317142,0.8183432629999999,-17,-22,42,193,-122,-355
male,0163_sollentuna,2003,276218,329631,29106,0.289371314,0.8082719740000001,-15,-37,72,265,-109,-464
male,0163_sollentuna,2004,279202,334855,29136,0.295451658,0.804124913,-153,-190,34,299,-279,-743
male,0163_sollentuna,2005,286050,347530,29348,0.29996830399999996,0.80037205,98,-92,80,379,70,-673
male,0163_sollentuna,2006,293548,358177,29936,0.30879487,0.8091546059999999,110,18,168,547,205,-468
male,0163_sollentuna,2007,305047,377010,30406,0.314606742,0.8248735290000001,126,144,99,646,116,-352
male,0163_sollentuna,2008,318237,393686,30855,0.317807193,0.8266832209999999,27,171,85,731,32,-320
male,0163_sollentuna,2009,320151,392163,31517,0.323268971,0.803105935,74,245,146,877,199,-121
male,0163_sollentuna,2010,321677,394449,32159,0.32811741899999997,0.8132395440000001,142,387,162,1039,195,74
male,0163_sollentuna,2011,329306,404971,32777,0.329573262,0.8197923359999999,87,474,71,1110,172,246
male,0163_sollentuna,2012,338629,412721,33335,0.332297773,0.821807115,137,611,117,1227,137,383
male,0163_sollentuna,2013,344972,418176,33897,0.338789625,0.822689205,113,724,182,1409,158,541
male,0163_sollentuna,2014,348487,425829,34511,0.345918367,0.81958711,62,786,150,1559,119,660
male,0184_solna,2000,211914,239613,27178,0.26809619,0.766356158,281,281,82,82,282,282
male,0184_solna,2001,223592,250710,27405,0.279393324,0.769114878,119,400,29,111,99,381
male,0184_solna,2002,231814,257766,27718,0.290174151,0.7652845359999999,160,560,65,176,190,571
male,0184_solna,2003,235618,261468,28088,0.298666051,0.756325805,160,720,11,187,232,803
male,0184_solna,2004,238693,265206,28610,0.306436065,0.758417465,168,888,13,200,280,1083
male,0184_solna,2005,244556,272601,29448,0.317817543,0.745541023,352,1240,127,327,520,1603
male,0184_solna,2006,255549,284268,30085,0.328702208,0.7688651790000001,315,1555,140,467,373,1976
male,0184_solna,2007,268667,298122,30912,0.33811894200000003,0.784014729,311,1866,86,553,363,2339
male,0184_solna,2008,282716,310481,32050,0.34592274700000003,0.786197503,407,2273,146,699,598,2937
male,0184_solna,2009,287224,312234,32931,0.35307449700000004,0.7619680259999999,166,2439,34,733,200,3137
male,0184_solna,2010,289829,315976,33639,0.357655386,0.7706350240000001,4,2443,-92,641,111,3248
male,0184_solna,2011,299070,325340,34623,0.367033795,0.7782143909999999,287,2730,82,723,371,3619
male,0184_solna,2012,311117,335680,35289,0.374675686,0.7904773829999999,183,2913,85,808,127,3746
male,0184_solna,2013,321624,345103,36070,0.383597525,0.794661107,209,3122,42,850,146,3892
male,0184_solna,2014,330524,356981,36731,0.38887162,0.797186495,196,3318,24,874,138,4030
male,0180_stockholm,2000,213123,257522,360876,0.27967652,0.7603630309999999,2241,2241,938,938,1507,1507
male,0180_stockholm,2001,223896,272230,363924,0.289047307,0.7593744440000001,800,3041,492,1430,-369,1138
male,0180_stockholm,2002,228868,274429,366190,0.296475139,0.750516387,-109,2932,102,1532,-1207,-69
male,0180_stockholm,2003,232000,275136,368389,0.301740518,0.7366681759999999,-130,2802,140,1672,-1142,-1211
male,0180_stockholm,2004,235224,280471,370482,0.30821560600000003,0.740022324,-39,2763,84,1756,-1227,-2438
male,0180_stockholm,2005,240395,290281,373904,0.315246287,0.736876596,279,3042,333,2089,-295,-2733
male,0180_stockholm,2006,249313,300111,380688,0.32039820399999996,0.75249364,1663,4705,862,2951,1064,-1669
male,0180_stockholm,2007,261937,315757,387798,0.32749215,0.7716023790000001,1867,6572,997,3948,846,-823
male,0180_stockholm,2008,275937,329586,395589,0.333409043,0.77631604,2261,8833,1161,5109,1320,497
male,0180_stockholm,2009,279321,328296,405727,0.337125726,0.753619844,2107,10940,932,6041,2039,2536
male,0180_stockholm,2010,284900,334769,414702,0.34241058700000004,0.7678818829999999,2276,13216,1043,7084,1962,4498
male,0180_stockholm,2011,293855,346643,423974,0.34745509799999996,0.77673515,2130,15346,954,8038,1431,5929
male,0180_stockholm,2012,303429,355883,432874,0.351377868,0.781748656,2268,17614,858,8896,1371,7300
male,0180_stockholm,2013,310227,363871,441517,0.35517314200000005,0.7849888190000001,1788,19402,597,9493,885,8185
male,0180_stockholm,2014,316675,372642,449260,0.358083239,0.786756687,1355,20757,326,9819,-229,7956
male,0183_sundbyberg,2000,217621,240768,16477,0.209509947,0.79831036,193,193,113,113,181,181
male,0183_sundbyberg,2001,230364,255079,16537,0.214644513,0.801206422,15,208,-21,92,-78,103
male,0183_sundbyberg,2002,233735,257255,16485,0.21644979600000003,0.7915847779999999,-99,109,-73,19,-156,-53
male,0183_sundbyberg,2003,234681,258387,16483,0.214753298,0.772353362,-44,65,-71,-52,-134,-187
male,0183_sundbyberg,2004,237114,261790,16529,0.21636968899999998,0.770725157,-35,30,-36,-88,-114,-301
male,0183_sundbyberg,2005,241435,265343,16718,0.223190933,0.767529951,63,93,-9,-97,54,-247
male,0183_sundbyberg,2006,247511,270480,17001,0.227989676,0.77578747,17,110,6,-91,-3,-250
male,0183_sundbyberg,2007,259871,281746,17323,0.232599532,0.791557176,72,182,25,-66,-1,-251
male,0183_sundbyberg,2008,268122,291181,17920,0.238286602,0.792064537,136,318,51,-15,188,-63
male,0183_sundbyberg,2009,270726,291615,18736,0.24237377300000001,0.7651748359999999,272,590,95,80,355,292
male,0183_sundbyberg,2010,276366,296961,19210,0.244709108,0.7745923809999999,138,728,19,99,84,376
male,0183_sundbyberg,2011,284091,307501,19693,0.251023991,0.783649128,126,854,42,141,-2,374
male,0183_sundbyberg,2012,293061,317222,20234,0.257388457,0.786078098,136,990,101,242,127,501
male,0183_sundbyberg,2013,300433,324416,21182,0.262136685,0.7899527270000001,367,1357,87,329,422,923
male,0183_sundbyberg,2014,309239,332804,22019,0.26745757600000003,0.7950352690000001,300,1657,127,456,298,1221
male,0181_sodertalje,2000,201762,214830,38909,0.114973386,0.760312152,43,43,17,17,96,96
male,0181_sodertalje,2001,212215,224718,39409,0.123979755,0.7625952020000001,37,80,58,75,-41,55
male,0181_sodertalje,2002,218145,230506,39763,0.134049953,0.7625858590000001,-13,67,59,134,-112,-57
male,0181_sodertalje,2003,224105,235959,39999,0.136488618,0.756113334,-75,-8,-36,98,-181,-238
male,0181_sodertalje,2004,227524,240986,40159,0.14204724400000002,0.755846888,-114,-122,-4,94,-127,-365
male,0181_sodertalje,2005,231066,244942,40306,0.145251899,0.748150843,-185,-307,-27,67,-254,-619
male,0181_sodertalje,2006,234896,249947,40956,0.14639037400000002,0.7503298279999999,-232,-539,-61,6,-306,-925
male,0181_sodertalje,2007,241755,257711,42042,0.15013521800000001,0.755046372,-101,-640,-43,-37,-102,-1027
male,0181_sodertalje,2008,250645,265354,42602,0.152989601,0.754991135,-82,-722,-35,-72,-237,-1264
male,0181_sodertalje,2009,247503,258014,42887,0.155094602,0.723012456,-366,-1088,-78,-150,-545,-1809
male,0181_sodertalje,2010,249146,262941,43447,0.155756402,0.736630509,-246,-1334,-86,-236,-340,-2149
male,0181_sodertalje,2011,258674,272769,44150,0.15716349400000001,0.7556368520000001,-85,-1419,-43,-279,-219,-2368
male,0181_sodertalje,2012,265734,277953,45137,0.157415113,0.749535367,-8,-1427,0,-279,-14,-2382
male,0181_sodertalje,2013,267927,280276,46022,0.159486822,0.74968684,-181,-1608,-52,-331,-313,-2695
male,0181_sodertalje,2014,271821,282385,46626,0.158463578,0.7498589959999999,-239,-1847,-67,-398,-492,-3187
male,0138_tyreso,2000,234973,270488,19410,0.145915124,0.833049259,74,74,60,60,49,49
male,0138_tyreso,2001,245876,283458,19549,0.15181487400000002,0.833589612,15,89,37,97,-66,-17
male,0138_tyreso,2002,255233,289973,19671,0.155468458,0.83234714,-22,67,29,126,-43,-60
male,0138_tyreso,2003,260290,293041,19879,0.158155168,0.8229496959999999,5,72,2,128,5,-55
male,0138_tyreso,2004,263778,297027,20166,0.162222637,0.817614898,41,113,19,147,72,17
male,0138_tyreso,2005,269582,308133,20467,0.165136764,0.80844018,62,175,28,175,48,65
male,0138_tyreso,2006,277785,317645,20587,0.169127891,0.823763888,2,177,38,213,-49,16
male,0138_tyreso,2007,290336,333810,20907,0.173949269,0.8381016490000001,47,224,47,260,43,59
male,0138_tyreso,2008,300263,345964,21062,0.17775496899999998,0.840276025,-15,209,26,286,-43,16
male,0138_tyreso,2009,304811,342610,21230,0.180800448,0.817580578,-68,141,33,319,-52,-36
male,0138_tyreso,2010,307908,348413,21417,0.18370592100000002,0.8299608629999999,-43,98,37,356,-56,-92
male,0138_tyreso,2011,317351,354955,21601,0.186208822,0.8360115370000001,16,114,33,389,-25,-117
male,0138_tyreso,2012,325566,362496,21822,0.190498155,0.8351916659999999,-28,86,39,428,-4,-121
male,0138_tyreso,2013,331458,371273,22088,0.19606234600000003,0.838795181,53,139,64,492,59,-62
male,0138_tyreso,2014,336584,377313,22651,0.201843808,0.840196921,192,331,95,587,317,255
male,0160_taby,2000,277102,357110,29710,0.334437492,0.8384525340000001,-187,-187,18,18,-281,-281
male,0160_taby,2001,288793,373475,29692,0.341711957,0.838208154,-60,-247,39,57,-134,-415
male,0160_taby,2002,296425,374412,29647,0.347801719,0.8319133329999999,-148,-395,28,85,-214,-629
male,0160_taby,2003,301589,375384,29627,0.353778059,0.817425242,-202,-597,-3,82,-266,-895
male,0160_taby,2004,307009,382662,29712,0.35856979299999997,0.8219265259999999,-92,-689,44,126,-85,-980
male,0160_taby,2005,314877,398048,29829,0.36249919799999997,0.820565222,-63,-752,10,136,-93,-1073
male,0160_taby,2006,324845,412984,30018,0.36469453399999996,0.833265055,36,-716,44,180,24,-1049
male,0160_taby,2007,339449,436480,30346,0.36915346,0.84836402,82,-634,91,271,113,-936
male,0160_taby,2008,353592,455473,30612,0.37281239899999996,0.85162351,93,-541,89,360,75,-861
male,0160_taby,2009,358911,448580,31086,0.375056601,0.832768097,72,-469,95,455,148,-713
male,0160_taby,2010,361403,455274,31441,0.379223301,0.839492522,30,-439,93,548,35,-678
male,0160_taby,2011,369697,463939,31884,0.385116399,0.8436887609999999,48,-391,92,640,129,-549
male,0160_taby,2012,378305,469259,32304,0.38822323299999995,0.844920091,136,-255,102,742,166,-383
male,0160_taby,2013,385699,476755,32780,0.389900139,0.8499184340000001,169,-86,125,867,266,-117
male,0160_taby,2014,391320,485146,33288,0.39457475299999994,0.843491222,121,35,167,1034,227,110
male,0114_upplands_vasby,2000,228025,253133,18658,0.137094526,0.821523841,48,48,20,20,26,26
male,0114_upplands_vasby,2001,237543,263753,18620,0.138881106,0.8202710670000001,-111,-63,-11,9,-179,-153
male,0114_upplands_vasby,2002,244254,269020,18570,0.14214860599999998,0.813817628,-79,-142,14,23,-180,-333
male,0114_upplands_vasby,2003,249028,272043,18550,0.144406716,0.800873961,-114,-256,-21,2,-217,-550
male,0114_upplands_vasby,2004,252281,274568,18586,0.146796816,0.798466971,-51,-307,-17,-15,-59,-609
male,0114_upplands_vasby,2005,255941,281940,18624,0.149465853,0.790629322,-48,-355,0,-15,-118,-727
male,0114_upplands_vasby,2006,262854,288900,18776,0.15129504,0.797723745,4,-351,-6,-21,-37,-764
male,0114_upplands_vasby,2007,273721,299825,18970,0.153897465,0.8188225179999999,-15,-366,38,17,1,-763
male,0114_upplands_vasby,2008,284700,312189,19058,0.15407593,0.81697085,-68,-434,-17,0,-74,-837
male,0114_upplands_vasby,2009,286293,310700,19267,0.15437409400000002,0.792879418,-47,-481,-12,-12,-102,-939
male,0114_upplands_vasby,2010,287952,312978,19570,0.159326923,0.806142527,81,-400,65,53,37,-902
male,0114_upplands_vasby,2011,295944,321287,20023,0.16310588199999998,0.812473978,116,-284,51,104,125,-777
male,0114_upplands_vasby,2012,302632,328922,20251,0.166495375,0.81659497,32,-252,20,124,-8,-785
male,0114_upplands_vasby,2013,306782,331518,20677,0.16948529399999998,0.814513505,82,-170,29,153,132,-653
male,0114_upplands_vasby,2014,311556,337404,20872,0.17350186399999998,0.811491855,50,-120,37,190,6,-647
male,0139_upplands_bro,2000,225730,243786,10501,0.12234770699999999,0.826160728,23,23,15,15,30,30
male,0139_upplands_bro,2001,234552,253925,10606,0.128496355,0.8238619,41,64,26,41,0,30
male,0139_upplands_bro,2002,241876,259419,10608,0.133626522,0.822865854,-13,51,13,54,-83,-53
male,0139_upplands_bro,2003,244123,262593,10651,0.133378356,0.802924155,13,64,-19,35,-17,-70
male,0139_upplands_bro,2004,251031,268908,10647,0.133456749,0.8068303090000001,-11,53,-10,25,-44,-114
male,0139_upplands_bro,2005,256485,273927,10593,0.133617021,0.786961224,-70,-17,-9,16,-127,-241
male,0139_upplands_bro,2006,262155,281045,10707,0.138513514,0.80054853,24,7,26,42,-5,-246
male,0139_upplands_bro,2007,272916,292373,11053,0.144594151,0.8155008890000001,130,137,53,95,204,-42
male,0139_upplands_bro,2008,284280,303216,11297,0.147217235,0.818141852,43,180,5,100,95,53
male,0139_upplands_bro,2009,288935,304241,11583,0.150064683,0.7877780990000001,68,248,23,123,107,160
male,0139_upplands_bro,2010,290157,307112,11836,0.153562259,0.8000568020000001,73,321,39,162,84,244
male,0139_upplands_bro,2011,301051,317741,12022,0.154805693,0.810917276,29,350,12,174,12,256
male,0139_upplands_bro,2012,310276,325189,12228,0.159477956,0.8079977709999999,16,366,31,205,17,273
male,0139_upplands_bro,2013,315892,330940,12371,0.16089030199999999,0.80776699,28,394,7,212,-9,264
male,0139_upplands_bro,2014,318140,334958,12675,0.163372452,0.8179729729999999,117,511,23,235,150,414
male,0115_vallentuna,2000,233131,270435,12600,0.15490254,0.855726725,126,126,46,46,210,210
male,0115_vallentuna,2001,245495,281545,12769,0.15823605699999999,0.8539311070000001,103,229,24,70,75,285
male,0115_vallentuna,2002,253027,288728,12909,0.163878164,0.857273559,23,252,32,102,2,287
male,0115_vallentuna,2003,259064,292203,13105,0.16619599,0.844711663,70,322,29,131,77,364
male,0115_vallentuna,2004,264706,296971,13423,0.170579247,0.85026738,130,452,56,187,186,550
male,0115_vallentuna,2005,271501,308681,13641,0.177197802,0.845217173,95,547,56,243,93,643
male,0115_vallentuna,2006,283753,318687,13899,0.181608259,0.8580131790000001,99,646,61,304,115,758
male,0115_vallentuna,2007,296881,333159,14209,0.18774306,0.8660714290000001,68,714,65,369,148,906
male,0115_vallentuna,2008,306011,345181,14460,0.19052701800000002,0.867949649,82,796,35,404,122,1028
male,0115_vallentuna,2009,311291,354944,14663,0.19568690100000002,0.856800766,70,866,46,450,63,1091
male,0115_vallentuna,2010,319284,354720,15041,0.200418903,0.8653688279999999,123,989,58,508,197,1288
male,0115_vallentuna,2011,328008,363891,15362,0.20837077899999998,0.867995875,98,1087,72,580,126,1414
male,0115_vallentuna,2012,337753,373297,15621,0.21168437,0.8677433929999999,78,1165,51,631,109,1523
male,0115_vallentuna,2013,345350,378267,15815,0.214848144,0.869686489,33,1198,43,674,63,1586
male,0115_vallentuna,2014,349412,386712,15964,0.218920258,0.870016565,20,1218,44,718,3,1589
male,0187_vaxholm,2000,238676,285398,4584,0.246422893,0.836637298,104,104,45,45,155,155
male,0187_vaxholm,2001,252515,302416,4676,0.249030256,0.8392792790000001,28,132,10,55,54,209
male,0187_vaxholm,2002,260834,311287,4763,0.27212988,0.833036033,5,137,28,83,21,230
male,0187_vaxholm,2003,263228,312798,4808,0.266641308,0.81287584,29,166,4,87,8,238
male,0187_vaxholm,2004,269735,324567,4904,0.27032136100000004,0.81779958,28,194,20,107,36,274
male,0187_vaxholm,2005,281179,341023,5008,0.279165114,0.821391485,58,252,43,150,74,348
male,0187_vaxholm,2006,294790,352910,5136,0.284977909,0.834871795,56,308,24,174,74,422
male,0187_vaxholm,2007,307518,379359,5234,0.289541284,0.833559322,24,332,24,198,42,464
male,0187_vaxholm,2008,314992,380903,5327,0.288897005,0.832212508,32,364,13,211,36,500
male,0187_vaxholm,2009,328478,391497,5437,0.302197802,0.82982983,44,408,40,251,64,564
male,0187_vaxholm,2010,335112,401298,5422,0.30734463300000003,0.828659371,-32,376,5,256,-49,515
male,0187_vaxholm,2011,344240,416580,5514,0.313271028,0.8460242590000001,50,426,32,288,53,568
male,0187_vaxholm,2012,354857,429354,5524,0.313017306,0.84659474,9,435,3,291,-12,556
male,0187_vaxholm,2013,364489,427946,5560,0.306384586,0.8419278729999999,3,438,-3,288,0,556
male,0187_vaxholm,2014,368808,447276,5626,0.305040771,0.8375415279999999,21,459,23,311,22,578
male,0120_varmdo,2000,226415,261618,15829,0.135546487,0.836112827,265,265,78,78,275,275
male,0120_varmdo,2001,237600,275375,16246,0.141652249,0.840683795,207,472,77,155,263,538
male,0120_varmdo,2002,246410,281523,16523,0.146445296,0.841563375,116,588,53,208,100,638
male,0120_varmdo,2003,253105,286423,16729,0.150498833,0.834063309,75,663,38,246,48,686
male,0120_varmdo,2004,260673,295511,17171,0.155618095,0.840673322,200,863,78,324,305,991
male,0120_varmdo,2005,267931,305336,17633,0.163924374,0.831193715,238,1101,108,432,326,1317
male,0120_varmdo,2006,276536,316133,18071,0.166043456,0.8452651520000001,132,1233,41,473,246,1563
male,0120_varmdo,2007,289051,331316,18671,0.17279666899999999,0.852049747,226,1459,97,570,304,1867
male,0120_varmdo,2008,299708,342851,18903,0.172762415,0.854107519,34,1493,30,600,13,1880
male,0120_varmdo,2009,305081,345062,19098,0.17169905300000002,0.840738709,15,1508,7,607,-11,1869
male,0120_varmdo,2010,310162,349589,19382,0.174642821,0.847804436,82,1590,44,651,122,1991
male,0120_varmdo,2011,319983,363751,19583,0.181527708,0.8531058140000001,54,1644,79,730,62,2053
male,0120_varmdo,2012,326277,368999,19895,0.184642964,0.849620705,61,1705,57,787,108,2161
male,0120_varmdo,2013,332380,374253,20102,0.18740704,0.8479111109999999,-1,1704,37,824,27,2188
male,0120_varmdo,2014,337950,385017,20513,0.191179328,0.84603313,169,1873,83,907,184,2372
male,0117_osteraker,2000,235673,277185,17331,0.159214161,0.846702987,129,129,67,67,121,121
male,0117_osteraker,2001,247126,288544,17626,0.161673034,0.841165587,128,257,55,122,136,257
male,0117_osteraker,2002,256572,296180,17865,0.165108415,0.842381303,113,370,38,160,80,337
male,0117_osteraker,2003,259948,297952,18181,0.166436464,0.8309293409999999,103,473,26,186,117,454
male,0117_osteraker,2004,264316,302574,18559,0.17063142399999998,0.8334386570000001,146,619,49,235,178,632
male,0117_osteraker,2005,272806,316537,18746,0.17760655399999997,0.829554692,55,674,75,310,40,672
male,0117_osteraker,2006,280415,326809,18975,0.181738538,0.8403557629999999,105,779,68,378,81,753
male,0117_osteraker,2007,290947,338770,19095,0.18255139199999998,0.855620767,-1,778,4,382,-56,697
male,0117_osteraker,2008,302251,352976,19347,0.181818182,0.8544947359999999,46,824,15,397,79,776
male,0117_osteraker,2009,307222,352598,19592,0.183250743,0.83794502,47,871,34,431,16,792
male,0117_osteraker,2010,314032,357243,19807,0.185928144,0.845090648,25,896,14,445,1,793
male,0117_osteraker,2011,319819,368216,19946,0.187975952,0.85104851,-8,888,6,451,-48,745
male,0117_osteraker,2012,326692,376706,20235,0.192246362,0.852165389,64,952,50,501,63,808
male,0117_osteraker,2013,332547,383355,20389,0.195414847,0.847814546,-15,937,28,529,-26,782
male,0117_osteraker,2014,337539,390358,20705,0.19600743699999998,0.850517706,105,1042,36,565,138,920
female,0127_botkyrka,2000,150381,151312,36629,0.123705149,0.677952546,-4,-4,41,41,-57,-57
female,0127_botkyrka,2001,157371,159377,37086,0.13115321800000002,0.689229422,18,14,11,52,-115,-172
female,0127_botkyrka,2002,163667,165378,37605,0.138430054,0.6902329209999999,-46,-32,33,85,-83,-255
female,0127_botkyrka,2003,168334,170986,37740,0.14104750300000002,0.6730360009999999,-250,-282,-41,44,-533,-788
female,0127_botkyrka,2004,171853,176038,37917,0.14857448199999998,0.671895991,-112,-394,-9,35,-307,-1095
female,0127_botkyrka,2005,175017,178877,38287,0.159510385,0.666781768,-189,-583,24,59,-282,-1377
female,0127_botkyrka,2006,177069,183111,38682,0.164732292,0.670174988,-178,-761,-55,4,-482,-1859
female,0127_botkyrka,2007,180508,187830,39336,0.17229154800000002,0.674393122,-85,-846,1,5,-299,-2158
female,0127_botkyrka,2008,186514,195061,39757,0.181166258,0.676171678,-180,-1026,-19,-14,-448,-2606
female,0127_botkyrka,2009,188520,197658,40244,0.185164293,0.657783718,-203,-1229,-64,-78,-390,-2996
female,0127_botkyrka,2010,188468,199787,40853,0.192793045,0.671886003,-129,-1358,17,-61,-273,-3269
female,0127_botkyrka,2011,189302,202854,41736,0.20096573899999998,0.677233663,-24,-1382,15,-46,-128,-3397
female,0127_botkyrka,2012,195523,208780,42534,0.206148282,0.683175412,-82,-1464,22,-24,-179,-3576
female,0127_botkyrka,2013,200077,214760,43085,0.21264059999999999,0.6799795790000001,-209,-1673,-29,-53,-416,-3992
female,0127_botkyrka,2014,203174,218905,43746,0.220233908,0.691288391,-138,-1811,3,-50,-272,-4264
female,0162_danderyd,2000,185352,215797,15357,0.43144849,0.7628038709999999,-10,-10,23,23,-41,-41
female,0162_danderyd,2001,194328,228944,15325,0.44289621,0.7661887690000001,-63,-73,-12,11,-76,-117
female,0162_danderyd,2002,199825,238370,15321,0.44705268600000003,0.7557692309999999,-23,-96,-1,10,-43,-160
female,0162_danderyd,2003,206493,244673,15476,0.45395336700000005,0.7446094870000001,21,-75,24,34,78,-82
female,0162_danderyd,2004,212309,254580,15574,0.45990566,0.7567990370000001,23,-52,3,37,56,-26
female,0162_danderyd,2005,219090,266333,15598,0.47435560200000004,0.757477086,-3,-55,27,64,7,-19
female,0162_danderyd,2006,229088,280808,15738,0.487562189,0.770130183,39,-16,94,158,96,77
female,0162_danderyd,2007,237876,299828,15911,0.49901639299999995,0.78422637,43,27,48,206,70,147
female,0162_danderyd,2008,246876,311833,15964,0.50709455,0.784481718,7,34,13,219,-18,129
female,0162_danderyd,2009,257835,319055,16139,0.516069303,0.771233205,58,92,74,293,96,225
female,0162_danderyd,2010,256960,326518,16180,0.526210484,0.781585616,14,106,55,348,0,225
female,0162_danderyd,2011,261000,335229,16447,0.540998808,0.778573988,43,149,116,464,161,386
female,0162_danderyd,2012,271140,347189,16516,0.54868316,0.7886972040000001,39,188,38,502,56,442
female,0162_danderyd,2013,280201,361674,16622,0.550591327,0.7821248679999999,45,233,20,522,20,462
female,0162_danderyd,2014,285060,375034,16567,0.560718057,0.782368173,-57,176,18,540,-66,396
female,0125_ekero,2000,179759,189630,11188,0.21279310899999998,0.821991888,79,79,48,48,97,97
female,0125_ekero,2001,189238,200248,11409,0.217741935,0.823485748,49,128,37,85,78,175
female,0125_ekero,2002,196351,207896,11533,0.229996862,0.818222222,50,178,59,144,37,212
female,0125_ekero,2003,202016,216024,11707,0.236366469,0.814699793,55,233,40,184,56,268
female,0125_ekero,2004,211805,225382,11861,0.24694603399999998,0.82597212,52,285,38,222,21,289
female,0125_ekero,2005,216536,231121,12034,0.26393367100000004,0.8227074240000001,39,324,56,278,65,354
female,0125_ekero,2006,221913,238610,12160,0.27820922800000003,0.8319907940000001,59,383,75,353,36,390
female,0125_ekero,2007,231183,250459,12373,0.288560998,0.835852824,36,419,64,417,81,471
female,0125_ekero,2008,242012,261928,12420,0.300784253,0.842869465,-16,403,55,472,-67,404
female,0125_ekero,2009,248085,268836,12592,0.31351517,0.825850729,50,453,81,553,35,439
female,0125_ekero,2010,251368,273443,12730,0.319601838,0.8356940509999999,-24,429,37,590,-45,394
female,0125_ekero,2011,258667,281443,12907,0.331154022,0.835866685,73,502,64,654,93,487
female,0125_ekero,2012,264271,289868,13074,0.342033384,0.839917127,-19,483,50,704,39,526
female,0125_ekero,2013,270564,297499,13125,0.346851654,0.8471205629999999,-11,472,29,733,-53,473
female,0125_ekero,2014,277045,307724,13267,0.35641333700000005,0.847930045,22,494,79,812,40,513
female,0136_haninge,2000,166129,166640,34892,0.112225064,0.7588900120000001,201,201,64,64,176,176
female,0136_haninge,2001,174096,175529,35277,0.11880385199999999,0.7673817409999999,102,303,32,96,95,271
female,0136_haninge,2002,180911,182496,35535,0.126417662,0.764586436,42,345,34,130,-44,227
female,0136_haninge,2003,184365,187757,35721,0.129800191,0.747118123,-123,222,-18,112,-178,49
female,0136_haninge,2004,189556,192356,35724,0.136759889,0.7449512140000001,-187,35,-28,84,-317,-268
female,0136_haninge,2005,192581,197073,36012,0.14376066699999998,0.740527295,-108,-73,-44,40,-118,-386
female,0136_haninge,2006,197287,202314,36460,0.147722713,0.7436396559999999,-115,-188,-61,-21,-110,-496
female,0136_haninge,2007,202858,209199,36801,0.155101632,0.750901713,-82,-270,-8,-29,-184,-680
female,0136_haninge,2008,210632,216445,37347,0.162164866,0.7495986440000001,19,-251,7,-22,-41,-721
female,0136_haninge,2009,214660,220306,37983,0.166907983,0.73476258,4,-247,-43,-65,-4,-725
female,0136_haninge,2010,215792,222710,38400,0.172434487,0.747533909,-74,-321,-8,-73,-124,-849
female,0136_haninge,2011,218868,227220,38944,0.180826807,0.750761598,20,-301,42,-31,56,-793
female,0136_haninge,2012,225240,233882,39460,0.18763221300000002,0.7567462709999999,-9,-310,13,-18,-104,-897
female,0136_haninge,2013,230541,239350,40116,0.19551875300000002,0.7542745059999999,-8,-318,15,-3,53,-844
female,0136_haninge,2014,234721,245489,40788,0.204909387,0.7597312620000001,47,-271,67,64,31,-813
female,0126_huddinge,2000,169320,173252,42666,0.171793898,0.7634219859999999,286,286,136,136,332,332
female,0126_huddinge,2001,177772,183657,43186,0.180135873,0.76889694,99,385,64,200,53,385
female,0126_huddinge,2002,183224,189342,43560,0.186741247,0.764538156,-161,224,-50,150,-245,140
female,0126_huddinge,2003,188962,195956,43823,0.19339876600000003,0.751154843,-175,49,-60,90,-367,-227
female,0126_huddinge,2004,193644,201084,44134,0.20486597899999998,0.75410266,-40,9,48,138,-141,-368
female,0126_huddinge,2005,197178,205429,44673,0.216558946,0.7494248609999999,-35,-26,-18,120,-96,-464
female,0126_huddinge,2006,201998,211074,45355,0.223406843,0.7536487629999999,-171,-197,-21,99,-190,-654
female,0126_huddinge,2007,209865,219249,46001,0.236305092,0.7596027940000001,-37,-234,99,198,-69,-723
female,0126_huddinge,2008,216411,226953,47175,0.247312681,0.751882905,129,-105,99,297,236,-487
female,0126_huddinge,2009,220973,230994,47925,0.256864899,0.732818533,-183,-288,61,358,-222,-709
female,0126_huddinge,2010,221356,233548,48605,0.267989593,0.746181491,-15,-303,75,433,-111,-820
female,0126_huddinge,2011,227142,241014,49261,0.28004461,0.7505136990000001,-95,-398,75,508,-173,-993
female,0126_huddinge,2012,234834,248760,50161,0.291080526,0.7580083209999999,-15,-413,98,606,-17,-1010
female,0126_huddinge,2013,240199,256249,50924,0.29950672100000003,0.7561489109999999,-104,-517,-5,601,-110,-1120
female,0126_huddinge,2014,243319,261572,51761,0.30756122,0.7615691179999999,-5,-522,110,711,23,-1097
female,0123_jarfalla,2000,174964,178945,30548,0.17888184199999999,0.778647348,28,28,58,58,-24,-24
female,0123_jarfalla,2001,183043,188174,30861,0.186582809,0.781822958,94,122,45,103,74,50
female,0123_jarfalla,2002,189833,194878,30964,0.19886231699999998,0.781271396,4,126,66,169,-101,-51
female,0123_jarfalla,2003,194444,201147,31095,0.203919739,0.768986504,-39,87,-6,163,-130,-181
female,0123_jarfalla,2004,198634,206148,31079,0.213373183,0.767042118,-114,-27,-8,155,-207,-388
female,0123_jarfalla,2005,201583,211466,31155,0.221556182,0.761671687,-83,-110,-34,121,-71,-459
female,0123_jarfalla,2006,206191,217368,31389,0.227701746,0.7643761790000001,-89,-199,1,122,-129,-588
female,0123_jarfalla,2007,212759,224571,31862,0.240101343,0.772354675,49,-150,43,165,58,-530
female,0123_jarfalla,2008,221038,233700,32361,0.250029312,0.766824493,24,-126,55,220,126,-404
female,0123_jarfalla,2009,224621,235984,32886,0.255408724,0.748069804,-8,-134,10,230,15,-389
female,0123_jarfalla,2010,224292,237273,33235,0.264432357,0.758604332,-86,-220,26,256,-39,-428
female,0123_jarfalla,2011,227220,243020,33756,0.276102088,0.760427475,92,-128,78,334,80,-348
female,0123_jarfalla,2012,233489,249702,34180,0.280856714,0.7616518870000001,-16,-144,33,367,-18,-366
female,0123_jarfalla,2013,237648,255066,34653,0.28861602,0.762590663,15,-129,26,393,4,-362
female,0123_jarfalla,2014,238524,258864,35330,0.29844285800000003,0.762605042,137,8,149,542,238,-124
female,0186_lidingo,2000,179256,202558,21259,0.333915923,0.7733031290000001,-7,-7,3,3,9,9
female,0186_lidingo,2001,187451,213996,21440,0.342440801,0.7771580790000001,34,27,46,49,85,94
female,0186_lidingo,2002,195283,221900,21556,0.353005069,0.775432497,67,94,40,89,75,169
female,0186_lidingo,2003,200942,228835,21527,0.358452878,0.762325853,-85,9,8,97,-132,37
female,0186_lidingo,2004,206809,237739,21600,0.366252156,0.769147248,20,29,-3,94,-8,29
female,0186_lidingo,2005,211645,246420,21877,0.381201988,0.777537617,100,129,73,167,185,214
female,0186_lidingo,2006,219690,256678,22041,0.391394365,0.791221532,57,186,75,242,106,320
female,0186_lidingo,2007,229436,269144,22288,0.40155928,0.791913215,72,258,56,298,102,422
female,0186_lidingo,2008,239733,280032,22463,0.41196489299999994,0.795233025,66,324,67,365,101,523
female,0186_lidingo,2009,247362,285712,22558,0.42008804200000005,0.776502419,-33,291,21,386,-69,454
female,0186_lidingo,2010,246515,291804,22844,0.42960903899999997,0.79000245,73,364,55,441,122,576
female,0186_lidingo,2011,250636,300600,22805,0.442550104,0.792232371,-69,295,-7,434,-140,436
female,0186_lidingo,2012,260685,310748,22952,0.45179412799999996,0.7966988070000001,41,336,81,515,91,527
female,0186_lidingo,2013,267356,318724,23310,0.459403997,0.79317817,79,415,64,579,168,695
female,0186_lidingo,2014,270612,330050,23414,0.468132654,0.7939238059999999,1,416,33,612,1,696
female,0182_nacka,2000,178020,189975,38313,0.262913717,0.783589923,263,263,211,211,298,298
female,0182_nacka,2001,187198,201615,38671,0.274299991,0.793466032,201,464,145,356,27,325
female,0182_nacka,2002,195492,210136,39067,0.285581048,0.7913110609999999,157,621,149,505,67,392
female,0182_nacka,2003,202000,218131,39504,0.293279022,0.78518487,172,793,120,625,95,487
female,0182_nacka,2004,208417,225866,40090,0.304333956,0.7904524940000001,214,1007,181,806,245,732
female,0182_nacka,2005,213572,234716,40854,0.320069902,0.789016741,294,1301,214,1020,365,1097
female,0182_nacka,2006,220400,243632,41900,0.332470382,0.7995623279999999,426,1727,304,1324,603,1700
female,0182_nacka,2007,230520,255857,42877,0.34454325700000005,0.8057831520000001,297,2024,244,1568,450,2150
female,0182_nacka,2008,241007,266172,43535,0.354914832,0.805587252,160,2184,164,1732,126,2276
female,0182_nacka,2009,246530,271942,44691,0.36518037799999997,0.7913358509999999,407,2591,285,2017,611,2887
female,0182_nacka,2010,250000,277218,45719,0.37581822,0.803500398,276,2867,195,2212,435,3322
female,0182_nacka,2011,256793,286817,46432,0.38594384200000004,0.808014107,195,3062,157,2369,161,3483
female,0182_nacka,2012,267882,297779,47069,0.393763865,0.814480478,123,3185,139,2508,129,3612
female,0182_nacka,2013,274366,306468,47776,0.402121779,0.813842482,202,3387,179,2687,233,3845
female,0182_nacka,2014,281334,315928,48622,0.41028521,0.8165616170000001,309,3696,234,2921,403,4248
female,0188_norrtalje,2000,144048,147048,26225,0.11625282199999999,0.756418241,105,105,7,7,258,258
female,0188_norrtalje,2001,150379,154548,26588,0.12397305900000001,0.7687185759999999,152,257,65,72,321,579
female,0188_norrtalje,2002,157970,162503,26773,0.13081009300000002,0.770850257,111,368,31,103,168,747
female,0188_norrtalje,2003,163798,171245,26879,0.136473696,0.759760366,110,478,30,133,132,879
female,0188_norrtalje,2004,167048,175444,27118,0.14358526300000002,0.7643681999999999,105,583,40,173,197,1076
female,0188_norrtalje,2005,171420,180310,27226,0.15235136900000001,0.7620026529999999,98,681,21,194,117,1193
female,0188_norrtalje,2006,176484,185852,27397,0.15816730199999998,0.7673270590000001,70,751,10,204,138,1331
female,0188_norrtalje,2007,180867,192904,27613,0.165239911,0.77628474,31,782,41,245,159,1490
female,0188_norrtalje,2008,188276,199953,27815,0.171020349,0.7710938009999999,49,831,49,294,182,1672
female,0188_norrtalje,2009,193871,205304,28045,0.175559756,0.754069425,75,906,23,317,173,1845
female,0188_norrtalje,2010,194793,208440,28049,0.180870587,0.772611005,-3,903,38,355,-37,1808
female,0188_norrtalje,2011,198217,213596,28088,0.186981635,0.7838194540000001,-8,895,15,370,30,1838
female,0188_norrtalje,2012,205043,221078,28278,0.19166604899999998,0.790818337,62,957,29,399,167,2005
female,0188_norrtalje,2013,210396,227185,28333,0.194963868,0.785004279,15,972,19,418,80,2085
female,0188_norrtalje,2014,212671,231868,28617,0.198666667,0.788518252,91,1063,32,450,185,2270
female,0140_nykvarn,2000,179079,178587,3954,0.10337178300000001,0.826963461,20,20,7,7,34,34
female,0140_nykvarn,2001,189360,190056,3953,0.11479028699999999,0.842436975,9,29,18,25,-23,11
female,0140_nykvarn,2002,193805,195719,4035,0.124783362,0.833881579,28,57,22,47,44,55
female,0140_nykvarn,2003,200677,203059,4058,0.13269731099999998,0.832236842,1,58,14,61,9,64
female,0140_nykvarn,2004,206209,210485,4098,0.14155844199999998,0.833059885,19,77,15,76,4,68
female,0140_nykvarn,2005,211307,216574,4109,0.152705061,0.8360181740000001,5,82,9,85,-21,47
female,0140_nykvarn,2006,220184,227274,4217,0.161359725,0.846996753,51,133,24,109,68,115
female,0140_nykvarn,2007,226508,234207,4395,0.17070116899999999,0.843392505,84,217,28,137,156,271
female,0140_nykvarn,2008,237780,244915,4439,0.184660275,0.843614931,27,244,31,168,22,293
female,0140_nykvarn,2009,243313,247984,4535,0.19612690600000002,0.8337864079999999,46,290,16,184,36,329
female,0140_nykvarn,2010,247129,253896,4576,0.209784411,0.855486862,42,332,17,201,2,331
female,0140_nykvarn,2011,254522,261239,4581,0.221235195,0.863422292,-9,323,10,211,-27,304
female,0140_nykvarn,2012,265266,273389,4636,0.231804796,0.869716945,28,351,21,232,26,330
female,0140_nykvarn,2013,271859,281200,4660,0.240372408,0.8569206840000001,-2,349,7,239,4,334
female,0140_nykvarn,2014,277191,284473,4800,0.244746601,0.8675422140000001,68,417,21,260,108,442
female,0192_nynashamn,2000,159108,160700,11926,0.10866834199999999,0.769719734,117,117,25,25,230,230
female,0192_nynashamn,2001,165220,167256,12113,0.117511166,0.768544734,77,194,28,53,134,364
female,0192_nynashamn,2002,172746,175172,12215,0.124449172,0.768528916,54,248,4,57,48,412
female,0192_nynashamn,2003,176099,181434,12249,0.12663225,0.752077757,-15,233,-9,48,-48,364
female,0192_nynashamn,2004,182229,187938,12274,0.133272478,0.7634637190000001,-19,214,1,49,-41,323
female,0192_nynashamn,2005,183402,191879,12296,0.142179369,0.744007942,-62,152,-2,47,-55,268
female,0192_nynashamn,2006,186680,195930,12458,0.147744475,0.741429971,41,193,11,58,68,336
female,0192_nynashamn,2007,191238,201411,12593,0.156047598,0.752255378,45,238,19,77,76,412
female,0192_nynashamn,2008,198030,207482,12658,0.161666667,0.746907575,-35,203,9,86,-30,382
female,0192_nynashamn,2009,204275,212212,12787,0.165137615,0.722923312,-2,201,-3,83,-4,378
female,0192_nynashamn,2010,203612,215256,12895,0.17004297100000001,0.737016575,-12,189,-1,82,11,389
female,0192_nynashamn,2011,205266,220125,12972,0.172685185,0.743219055,-5,184,-18,64,-9,380
female,0192_nynashamn,2012,212887,226734,13104,0.18111693899999998,0.7523822490000001,51,235,31,95,66,446
female,0192_nynashamn,2013,216919,232735,13227,0.186970584,0.754178557,2,237,14,109,29,475
female,0192_nynashamn,2014,218620,238190,13362,0.193785397,0.764801517,40,277,29,138,64,539
female,0128_salem,2000,177322,180272,7002,0.18139414399999998,0.805621725,45,45,20,20,66,66
female,0128_salem,2001,186612,191904,7030,0.18348387100000002,0.819164265,-32,13,-14,6,-27,39
female,0128_salem,2002,195054,200402,7030,0.189258972,0.824242424,-12,1,3,9,-57,-18
female,0128_salem,2003,202180,209454,7152,0.19524179,0.8230899009999999,35,36,27,36,59,41
female,0128_salem,2004,207942,215787,7180,0.196614583,0.827611395,-9,27,-9,27,-13,28
female,0128_salem,2005,210796,221206,7292,0.21761793100000001,0.8278787879999999,39,66,46,73,34,62
female,0128_salem,2006,215509,226459,7476,0.23164426100000002,0.83029722,50,116,39,112,83,145
female,0128_salem,2007,224827,235441,7646,0.24642492300000002,0.835056391,50,166,48,160,103,248
female,0128_salem,2008,235377,245717,7716,0.253673627,0.825178147,-37,129,11,171,-34,214
female,0128_salem,2009,241111,251612,7771,0.261935821,0.812737643,-3,126,2,173,-15,199
female,0128_salem,2010,242014,255664,7788,0.269432773,0.8222275109999999,-39,87,11,184,-44,155
female,0128_salem,2011,246751,259048,7965,0.27792140600000004,0.8223714679999999,68,155,29,213,86,241
female,0128_salem,2012,252825,268153,8054,0.286446323,0.8224770640000001,-7,148,23,236,0,241
female,0128_salem,2013,258934,277295,8105,0.299200413,0.8289017340000001,-19,129,14,250,-8,233
female,0128_salem,2014,264791,278980,8152,0.303871625,0.813272311,-43,86,21,271,-28,205
female,0191_sigtuna,2000,167041,168026,17556,0.133910387,0.7676459720000001,-13,-13,17,17,-63,-63
female,0191_sigtuna,2001,174401,176540,17821,0.140338505,0.769265888,77,64,19,36,88,25
female,0191_sigtuna,2002,179761,181208,17938,0.142914735,0.762631339,-3,61,-24,12,-59,-34
female,0191_sigtuna,2003,183226,186832,18058,0.148099739,0.74375342,-5,56,15,27,-15,-49
female,0191_sigtuna,2004,185644,190619,18212,0.154295498,0.738666423,-39,17,1,28,-7,-56
female,0191_sigtuna,2005,189512,195978,18431,0.165562249,0.739486619,37,54,34,62,43,-13
female,0191_sigtuna,2006,194351,201250,18562,0.171597633,0.746575964,-14,40,13,75,-40,-53
female,0191_sigtuna,2007,199360,208140,18958,0.176634491,0.757335236,107,147,19,94,157,104
female,0191_sigtuna,2008,206423,216207,19233,0.18592666,0.7537603959999999,-43,104,16,110,-5,99
female,0191_sigtuna,2009,209259,218857,19633,0.193301998,0.728230582,-26,78,10,120,91,190
female,0191_sigtuna,2010,209851,220490,20014,0.20274714600000002,0.7378932029999999,0,78,30,150,82,272
female,0191_sigtuna,2011,212893,225189,20657,0.21076779,0.738309278,114,192,54,204,222,494
female,0191_sigtuna,2012,219902,232815,21097,0.217423268,0.74733441,0,192,25,229,36,530
female,0191_sigtuna,2013,223020,236998,21585,0.220933369,0.743856333,33,225,-1,228,35,565
female,0191_sigtuna,2014,227436,241929,21929,0.227228381,0.7509375,-116,109,-3,225,-107,458
female,0163_sollentuna,2000,180929,191665,29448,0.265621141,0.7958432440000001,118,118,109,109,50,50
female,0163_sollentuna,2001,190858,203852,29526,0.275962013,0.803400397,-17,101,49,158,-180,-130
female,0163_sollentuna,2002,196959,210712,29587,0.281707543,0.797466917,-93,8,-25,133,-186,-316
female,0163_sollentuna,2003,203404,218893,29778,0.289556474,0.78817706,-14,-6,73,206,-87,-403
female,0163_sollentuna,2004,208333,225390,29761,0.300981123,0.7881657479999999,-128,-134,30,236,-270,-673
female,0163_sollentuna,2005,212295,234470,30007,0.318955873,0.787630402,24,-110,94,330,26,-647
female,0163_sollentuna,2006,219873,243887,30592,0.331167637,0.7947430759999999,127,17,162,492,236,-411
female,0163_sollentuna,2007,227906,255300,30981,0.343128834,0.804624212,27,44,97,589,37,-374
female,0163_sollentuna,2008,239143,267350,31242,0.35573730200000003,0.803797113,-39,5,105,694,-65,-439
female,0163_sollentuna,2009,245147,272595,31830,0.36444552799999996,0.7836924609999999,100,105,117,811,166,-273
female,0163_sollentuna,2010,246368,277660,32471,0.37551020399999996,0.797062823,159,264,176,987,266,-7
female,0163_sollentuna,2011,251933,286393,33114,0.38651140799999995,0.794688185,124,388,133,1120,154,147
female,0163_sollentuna,2012,260252,294385,33524,0.395155628,0.80137457,23,411,86,1206,-1,146
female,0163_sollentuna,2013,268665,302583,34248,0.403476565,0.797034818,193,604,180,1386,319,465
female,0163_sollentuna,2014,271729,309753,34814,0.411595186,0.795108585,33,637,90,1476,76,541
female,0184_solna,2000,167042,175791,29427,0.269330055,0.748886567,224,224,129,129,268,268
female,0184_solna,2001,176112,185804,29548,0.282657589,0.7561479870000001,66,290,-40,89,1,269
female,0184_solna,2002,184404,193029,29867,0.302236803,0.7524683409999999,177,467,85,174,169,438
female,0184_solna,2003,190281,200250,29906,0.311691395,0.74396161,87,554,-68,106,89,527
female,0184_solna,2004,193285,203754,30488,0.32612852800000003,0.738668188,223,777,40,146,366,893
female,0184_solna,2005,196901,208719,31127,0.34478679700000003,0.733524788,272,1049,89,235,416,1309
female,0184_solna,2006,204204,217684,31632,0.35552227200000003,0.7528229000000001,275,1324,3,238,332,1641
female,0184_solna,2007,213643,227403,32406,0.37017884100000004,0.7640503409999999,288,1612,44,282,373,2014
female,0184_solna,2008,224012,238748,33239,0.385317731,0.763786162,322,1934,81,363,356,2370
female,0184_solna,2009,231077,243464,33978,0.397008174,0.7461566620000001,147,2081,-21,342,154,2524
female,0184_solna,2010,232855,247310,34505,0.406343568,0.76040774,110,2191,-38,304,63,2587
female,0184_solna,2011,237018,253031,35323,0.419700959,0.758844574,160,2351,12,316,206,2793
female,0184_solna,2012,245776,262123,36004,0.43081944899999997,0.7656596390000001,142,2493,-49,267,134,2927
female,0184_solna,2013,254688,270383,36670,0.443764638,0.7691193390000001,298,2791,60,327,210,3137
female,0184_solna,2014,261419,277549,37310,0.452298474,0.771596941,246,3037,-2,325,143,3280
female,0180_stockholm,2000,165132,178076,389472,0.289109077,0.741143707,1468,1468,679,679,600,600
female,0180_stockholm,2001,173625,188909,391024,0.302686226,0.7472061659999999,825,2293,276,955,-509,91
female,0180_stockholm,2002,180000,195727,391958,0.314767909,0.741509612,16,2309,68,1023,-1220,-1129
female,0180_stockholm,2003,186176,202669,393332,0.324666742,0.7309428029999999,271,2580,140,1163,-869,-1998
female,0180_stockholm,2004,190767,208095,394562,0.336828233,0.7376938690000001,113,2693,4,1167,-1003,-3001
female,0180_stockholm,2005,195327,214570,397134,0.350102277,0.7375685609999999,572,3265,95,1262,28,-2973
female,0180_stockholm,2006,202877,223252,402197,0.36096055,0.7521186609999999,1524,4789,589,1851,1020,-1953
female,0180_stockholm,2007,211707,233384,407365,0.37236701299999997,0.76192146,1675,6464,516,2367,829,-1124
female,0180_stockholm,2008,222447,244030,414531,0.381449749,0.761511266,2185,8649,814,3181,1661,537
female,0180_stockholm,2009,228130,248611,423690,0.389366526,0.7448239000000001,2374,11023,672,3853,2425,2962
female,0180_stockholm,2010,230079,253059,432371,0.39850694799999997,0.76054765,2781,13804,910,4763,2696,5658
female,0180_stockholm,2011,236298,261205,440350,0.40697805600000003,0.7635797559999999,2223,16027,474,5237,1884,7542
female,0180_stockholm,2012,246145,270635,448361,0.41448474799999996,0.7699161259999999,2324,18351,422,5659,1735,9277
female,0180_stockholm,2013,253584,278811,456183,0.42284854899999996,0.771372308,2229,20580,632,6291,1614,10891
female,0180_stockholm,2014,259068,286706,462729,0.429806714,0.7759152979999999,1603,22183,29,6320,251,11142
female,0183_sundbyberg,2000,170251,176184,17391,0.220234486,0.7741818509999999,216,216,70,70,213,213
female,0183_sundbyberg,2001,180524,187236,17430,0.23260934800000002,0.788793493,25,241,-52,18,-91,122
female,0183_sundbyberg,2002,185755,192658,17312,0.24269122899999998,0.774485002,-119,122,-59,-41,-185,-63
female,0183_sundbyberg,2003,190110,198537,17255,0.24710619,0.757548364,-77,45,-89,-130,-138,-201
female,0183_sundbyberg,2004,193379,201678,17287,0.254468769,0.755499459,-41,4,-70,-200,-105,-306
female,0183_sundbyberg,2005,195320,205286,17298,0.262165145,0.7510810809999999,-77,-73,-96,-296,-165,-471
female,0183_sundbyberg,2006,201676,211374,17528,0.271720698,0.757643284,-13,-86,-36,-332,-43,-514
female,0183_sundbyberg,2007,210595,220905,17755,0.28289538,0.7703424720000001,22,-64,-1,-333,-11,-525
female,0183_sundbyberg,2008,219582,230425,18159,0.29180233699999997,0.77075302,77,13,8,-325,81,-444
female,0183_sundbyberg,2009,223959,233793,18986,0.299779776,0.7456369270000001,224,237,80,-245,413,-31
female,0183_sundbyberg,2010,224680,236946,19423,0.306435688,0.7558748809999999,63,300,-2,-247,66,35
female,0183_sundbyberg,2011,228666,243100,19846,0.31739054,0.7588304090000001,33,333,10,-237,-18,17
female,0183_sundbyberg,2012,239154,252643,20559,0.33168274600000003,0.766797524,252,585,123,-114,303,320
female,0183_sundbyberg,2013,245667,258884,21444,0.334859385,0.763866763,318,903,80,-34,389,709
female,0183_sundbyberg,2014,251878,267991,22071,0.34297812299999997,0.7704630090000001,241,1144,93,59,163,872
female,0181_sodertalje,2000,151255,154278,38973,0.141588603,0.704374973,41,41,23,23,63,63
female,0181_sodertalje,2001,158728,162988,39385,0.151694874,0.719149301,18,59,33,56,-69,-6
female,0181_sodertalje,2002,165731,169037,39850,0.161233438,0.718699601,-43,16,27,83,-59,-65
female,0181_sodertalje,2003,171379,175998,40050,0.165835589,0.712939379,-128,-112,-35,48,-236,-301
female,0181_sodertalje,2004,174253,181244,40246,0.17171428600000002,0.7079799859999999,-189,-301,-56,-8,-144,-445
female,0181_sodertalje,2005,177351,184644,40247,0.180701086,0.7041450340000001,-170,-471,-61,-69,-329,-774
female,0181_sodertalje,2006,179290,188232,40835,0.18440051,0.702772052,-183,-654,-80,-149,-296,-1070
female,0181_sodertalje,2007,183048,192519,41600,0.189622335,0.695784746,-183,-837,-72,-221,-183,-1253
female,0181_sodertalje,2008,188317,197961,42151,0.19192012600000002,0.696993187,-199,-1036,-106,-327,-318,-1571
female,0181_sodertalje,2009,189141,197935,42383,0.19870789100000003,0.665116279,-397,-1433,-93,-420,-615,-2186
female,0181_sodertalje,2010,186036,199671,42799,0.200784314,0.671823741,-306,-1739,-121,-541,-382,-2568
female,0181_sodertalje,2011,189287,203761,43535,0.20846237899999998,0.6780546140000001,-147,-1886,-24,-565,-245,-2813
female,0181_sodertalje,2012,195288,210153,44336,0.209938055,0.6841446240000001,-112,-1998,-57,-622,-176,-2989
female,0181_sodertalje,2013,198842,214788,45050,0.21356484899999997,0.6798983559999999,-220,-2218,-77,-699,-373,-3362
female,0181_sodertalje,2014,198926,216425,45609,0.217833788,0.67651851,-207,-2425,-60,-759,-441,-3803
female,0138_tyreso,2000,179079,183519,19661,0.162990418,0.796631368,60,60,30,30,27,27
female,0138_tyreso,2001,187310,193917,19885,0.175121425,0.796496181,35,95,82,112,19,46
female,0138_tyreso,2002,195144,201605,20049,0.182398418,0.801553495,-39,56,5,117,-65,-19
female,0138_tyreso,2003,199990,208061,20218,0.18576684899999998,0.788633514,14,70,-21,96,18,-1
female,0138_tyreso,2004,204726,212835,20439,0.19316853899999997,0.789649975,38,108,20,116,35,34
female,0138_tyreso,2005,208285,218256,20667,0.206031944,0.7884822840000001,75,183,60,176,83,117
female,0138_tyreso,2006,215986,227377,20889,0.216780086,0.794890935,-16,167,41,217,52,169
female,0138_tyreso,2007,223668,235914,21140,0.22730130199999998,0.807882586,57,224,70,287,30,199
female,0138_tyreso,2008,232880,246200,21270,0.233821403,0.8127427490000001,-47,177,10,297,-100,99
female,0138_tyreso,2009,238692,251438,21372,0.242673993,0.794876074,-93,84,35,332,-167,-68
female,0138_tyreso,2010,240848,254183,21530,0.250600628,0.808038692,-45,39,32,364,-50,-118
female,0138_tyreso,2011,246611,261756,21727,0.261340493,0.813514188,-29,10,49,413,18,-100
female,0138_tyreso,2012,254119,270029,21942,0.270846741,0.8217878940000001,44,54,75,488,50,-50
female,0138_tyreso,2013,261944,279315,22193,0.28256331100000004,0.8211898940000001,52,106,86,574,78,28
female,0138_tyreso,2014,265600,285847,22739,0.29239766100000003,0.825707715,171,277,123,697,316,344
female,0160_taby,2000,186710,201895,30487,0.29276885399999997,0.808562992,-87,-87,29,29,-169,-169
female,0160_taby,2001,195504,212648,30537,0.30190036600000003,0.811366385,-26,-113,55,84,-115,-284
female,0160_taby,2002,202398,219535,30551,0.31126386899999997,0.806915629,-47,-160,42,126,-68,-352
female,0160_taby,2003,208008,226630,30541,0.316285575,0.802105499,-90,-250,-21,105,-169,-521
female,0160_taby,2004,213586,233912,30710,0.32505946199999997,0.804667681,-15,-265,71,176,-2,-523
female,0160_taby,2005,219044,242463,30765,0.33989211700000005,0.806645498,-27,-292,67,243,-49,-572
female,0160_taby,2006,227387,251953,30988,0.352040191,0.8169197640000001,55,-237,131,374,41,-531
female,0160_taby,2007,236301,265618,31287,0.36556414200000004,0.823727268,57,-180,128,502,126,-405
female,0160_taby,2008,246550,277620,31654,0.37744612299999997,0.823439099,53,-127,114,616,140,-265
female,0160_taby,2009,253430,283688,31928,0.391077095,0.8103183190000001,24,-103,121,737,15,-250
female,0160_taby,2010,256054,288915,32348,0.398316183,0.819716714,85,-18,90,827,114,-136
female,0160_taby,2011,263636,298296,32674,0.410216429,0.8240944790000001,97,79,122,949,160,24
female,0160_taby,2012,272527,308705,33060,0.421160792,0.8342105259999999,172,251,147,1096,167,191
female,0160_taby,2013,279794,318797,33512,0.432088075,0.833036311,133,384,183,1279,287,478
female,0160_taby,2014,286014,327582,34046,0.44326823600000004,0.833615742,201,585,189,1468,347,825
female,0114_upplands_vasby,2000,174591,175400,18918,0.15299539199999998,0.7797702670000001,72,72,13,13,59,59
female,0114_upplands_vasby,2001,182445,185234,18904,0.16048469199999998,0.7903494179999999,-105,-33,-14,-1,-188,-129
female,0114_upplands_vasby,2002,188775,192332,18874,0.164767991,0.7891031009999999,-96,-129,-9,-10,-157,-286
female,0114_upplands_vasby,2003,194136,199144,18847,0.16938262399999998,0.770648406,-148,-277,-24,-34,-216,-502
female,0114_upplands_vasby,2004,196212,202604,18931,0.17398648600000002,0.764250468,-87,-364,-50,-84,-68,-570
female,0114_upplands_vasby,2005,198749,206920,19000,0.183143637,0.764037262,-47,-411,10,-74,-100,-670
female,0114_upplands_vasby,2006,203756,211908,19072,0.18913022899999998,0.7712322890000001,-78,-489,-35,-109,-119,-789
female,0114_upplands_vasby,2007,211081,219537,19085,0.19731800800000002,0.7791565429999999,-105,-594,15,-94,-142,-931
female,0114_upplands_vasby,2008,219154,228675,19190,0.20300968100000003,0.778422877,-6,-600,-14,-108,-74,-1005
female,0114_upplands_vasby,2009,223094,234378,19374,0.21277826,0.7600624570000001,-56,-656,9,-99,-72,-1077
female,0114_upplands_vasby,2010,222028,235549,19719,0.21811407300000002,0.766023166,19,-637,27,-72,41,-1036
female,0114_upplands_vasby,2011,225000,240000,20171,0.229793233,0.7739006140000001,67,-570,73,1,172,-864
female,0114_upplands_vasby,2012,231977,246665,20472,0.236231479,0.7760425320000001,-9,-579,23,24,-45,-909
female,0114_upplands_vasby,2013,236131,252084,20772,0.243435651,0.775565611,26,-553,17,41,31,-878
female,0114_upplands_vasby,2014,239959,257900,20944,0.251246077,0.777286136,-4,-557,-1,40,-44,-922
female,0139_upplands_bro,2000,169294,170280,10377,0.129180105,0.777881041,7,7,-12,-12,-52,-52
female,0139_upplands_bro,2001,175180,178726,10470,0.139131898,0.783195339,13,20,18,6,-26,-78
female,0139_upplands_bro,2002,182534,185415,10554,0.144118627,0.7810740909999999,26,46,5,11,-1,-79
female,0139_upplands_bro,2003,188341,193002,10601,0.148741037,0.768880109,-18,28,-9,2,-67,-146
female,0139_upplands_bro,2004,190528,195858,10701,0.154471545,0.761643836,-8,20,-1,1,-7,-153
female,0139_upplands_bro,2005,193386,199358,10734,0.164556962,0.746230008,-44,-24,0,1,-46,-199
female,0139_upplands_bro,2006,196868,204038,10931,0.174653007,0.756862157,32,8,39,40,60,-139
female,0139_upplands_bro,2007,204594,212808,11168,0.185895353,0.764383967,30,38,35,75,82,-57
female,0139_upplands_bro,2008,213204,221023,11385,0.19228923399999998,0.760477299,17,55,32,107,69,12
female,0139_upplands_bro,2009,215094,223027,11619,0.20117591,0.736925061,7,62,34,141,74,86
female,0139_upplands_bro,2010,217982,225867,11840,0.21158094,0.7485803520000001,50,112,48,189,67,153
female,0139_upplands_bro,2011,218900,229644,11962,0.21985143,0.747913425,12,124,11,200,-28,125
female,0139_upplands_bro,2012,225777,236148,12125,0.22580133300000002,0.7506336240000001,15,139,20,220,4,129
female,0139_upplands_bro,2013,231254,243220,12332,0.234146341,0.74968483,24,163,11,231,37,166
female,0139_upplands_bro,2014,234102,248048,12612,0.23846392100000002,0.76,76,239,26,257,90,256
female,0115_vallentuna,2000,169428,173878,12628,0.168322534,0.811130296,126,126,45,45,184,184
female,0115_vallentuna,2001,179226,185101,12874,0.17580232899999998,0.824046152,86,212,25,70,108,292
female,0115_vallentuna,2002,185623,191966,12996,0.185984208,0.8266406759999999,39,251,28,98,3,295
female,0115_vallentuna,2003,191699,199849,13201,0.194691495,0.812074502,64,315,58,156,90,385
female,0115_vallentuna,2004,197669,205074,13466,0.205107197,0.819254186,90,405,46,202,140,525
female,0115_vallentuna,2005,203436,211838,13756,0.22056451600000002,0.819950125,109,514,51,253,156,681
female,0115_vallentuna,2006,208145,218239,13969,0.23065635,0.830757819,19,533,33,286,74,755
female,0115_vallentuna,2007,218660,229195,14173,0.243371587,0.8399608470000001,100,633,89,375,113,868
female,0115_vallentuna,2008,229293,240246,14494,0.249705073,0.8410491959999999,70,703,54,429,166,1034
female,0115_vallentuna,2009,238056,247313,14698,0.260676505,0.831651045,57,760,59,488,57,1091
female,0115_vallentuna,2010,239976,251031,15073,0.27094359100000004,0.842543705,141,901,88,576,258,1349
female,0115_vallentuna,2011,247000,259174,15353,0.28678526,0.8440631120000001,94,995,110,686,126,1475
female,0115_vallentuna,2012,253994,268131,15594,0.296016137,0.8531086309999999,30,1025,84,770,57,1532
female,0115_vallentuna,2013,262098,276245,15801,0.304451113,0.852529359,22,1047,68,838,96,1628
female,0115_vallentuna,2014,269267,284447,16005,0.31069166800000003,0.853926291,38,1085,42,880,64,1692
female,0187_vaxholm,2000,171084,181064,4702,0.214258337,0.803495007,99,99,39,39,158,158
female,0187_vaxholm,2001,182628,193447,4794,0.224228743,0.811181435,14,113,18,57,28,186
female,0187_vaxholm,2002,188061,199642,4868,0.23774145600000002,0.81533101,17,130,21,78,30,216
female,0187_vaxholm,2003,196573,209456,4917,0.242468773,0.8096385540000001,35,165,13,91,9,225
female,0187_vaxholm,2004,204752,218598,5000,0.254446461,0.8226466579999999,35,200,29,120,32,257
female,0187_vaxholm,2005,210768,228638,5115,0.273568125,0.832553476,66,266,52,172,76,333
female,0187_vaxholm,2006,217076,235733,5304,0.287972509,0.832525057,74,340,48,220,138,471
female,0187_vaxholm,2007,227727,249398,5366,0.30436288100000003,0.847402597,5,345,30,250,18,489
female,0187_vaxholm,2008,239024,258266,5420,0.31341719100000004,0.8466841759999999,-1,344,26,276,9,498
female,0187_vaxholm,2009,247106,268689,5564,0.323242867,0.822502425,39,383,30,306,76,574
female,0187_vaxholm,2010,248982,273887,5543,0.335929204,0.8457236840000001,-12,371,5,311,-72,502
female,0187_vaxholm,2011,255655,280883,5627,0.347610619,0.841658505,27,398,20,331,46,548
female,0187_vaxholm,2012,265263,293272,5602,0.357271095,0.84486717,-5,393,20,351,-49,499
female,0187_vaxholm,2013,272141,301541,5628,0.368932039,0.845343863,-5,388,20,371,-2,497
female,0187_vaxholm,2014,276226,309671,5703,0.38417266200000005,0.850672793,28,416,32,403,39,536
female,0120_varmdo,2000,174708,181119,15431,0.160013765,0.8084377340000001,264,264,104,104,345,345
female,0120_varmdo,2001,182489,191537,15850,0.169398907,0.8080366440000001,176,440,81,185,240,585
female,0120_varmdo,2002,191442,198711,16141,0.17723327100000003,0.815919884,109,549,57,242,97,682
female,0120_varmdo,2003,196275,207071,16405,0.181302498,0.8110074820000001,62,611,47,289,67,749
female,0120_varmdo,2004,203532,214024,16858,0.19402666699999999,0.8179350559999999,192,803,113,402,257,1006
female,0120_varmdo,2005,208423,220877,17300,0.21066306399999998,0.816250246,210,1013,130,532,261,1267
female,0120_varmdo,2006,215244,228201,17732,0.21683543,0.823450005,175,1188,45,577,200,1467
female,0120_varmdo,2007,223573,238439,18199,0.23018981600000002,0.833003673,173,1361,107,684,220,1687
female,0120_varmdo,2008,235220,249383,18473,0.24157584199999999,0.834859813,78,1439,87,771,77,1764
female,0120_varmdo,2009,241966,256065,18658,0.247612345,0.81728349,-8,1431,20,791,-29,1735
female,0120_varmdo,2010,244235,260150,18919,0.254242394,0.829326923,101,1532,56,847,66,1801
female,0120_varmdo,2011,249677,267918,19311,0.268821482,0.829088594,133,1665,133,980,180,1981
female,0120_varmdo,2012,257451,276236,19492,0.279088285,0.83839754,60,1725,53,1033,46,2027
female,0120_varmdo,2013,264844,284783,19682,0.281957126,0.841520679,51,1776,34,1067,18,2045
female,0120_varmdo,2014,269613,292853,20028,0.291108285,0.842203465,116,1892,98,1165,174,2219
female,0117_osteraker,2000,172563,176239,17096,0.170080695,0.811659193,107,107,46,46,129,129
female,0117_osteraker,2001,180602,187041,17482,0.17964011300000002,0.815022947,182,289,84,130,210,339
female,0117_osteraker,2002,188202,194340,17768,0.18654860199999998,0.8104581209999999,101,390,45,175,104,443
female,0117_osteraker,2003,193804,201666,18002,0.193341237,0.807166605,54,444,67,242,19,462
female,0117_osteraker,2004,199751,207652,18308,0.204552144,0.813511029,68,512,82,324,117,579
female,0117_osteraker,2005,204373,214166,18590,0.218088207,0.817304189,93,605,87,411,127,706
female,0117_osteraker,2006,209688,222244,18904,0.22589078199999998,0.825388227,123,728,48,459,113,819
female,0117_osteraker,2007,217885,231869,19191,0.23078416100000002,0.826968114,-9,719,11,470,57,876
female,0117_osteraker,2008,227368,241448,19373,0.239372075,0.82856117,37,756,61,531,26,902
female,0117_osteraker,2009,233480,247768,19581,0.247938751,0.817484663,7,763,48,579,-14,888
female,0117_osteraker,2010,236937,251835,19714,0.25715131199999997,0.8306553529999999,-9,754,54,633,-32,856
female,0117_osteraker,2011,241010,259217,19846,0.269036037,0.834990958,19,773,57,690,-15,841
female,0117_osteraker,2012,248515,266035,20034,0.277645424,0.835642317,11,784,48,738,2,843
female,0117_osteraker,2013,255420,275629,20106,0.284918978,0.8332883729999999,-11,773,55,793,-10,833
female,0117_osteraker,2014,258797,280819,20475,0.291490823,0.831401009,71,844,70,863,170,1003
